Palabra,Frecuencia
major,152
cupo,87
consulta,86
cursos,79
intercambio,51
cómo,50
tomar,48
ingeniería,46
medicina,41
dudas,41
malla,37
derecho,31
asignacion,30
psicología,30
estudiante,29
salud,29
semestre,27
consulto,25
doble,24
debe,24
qué,23
necesita,23
segundo,20
cupos,20
civil,20
becas,20
college,18
comercial,18
traspaso,17
mental,17
asignación,17
ingenieria,15
requisitos,14
economía,13
justificar,13
industrial,13
duda,12
consultó,12
pasa,11
estructura,11
ing,11
hacer,10
cambio,10
beneficios,10
minor,10
quiere,10
puede,9
generales,9
académica,9
curso,9
funciona,9
gestión,9
alerta,9
opciones,8
orientación,8
egreso,8
empresas,8
piane,8
majors,8
hora,8
solicitó,8
cara,8
posible,8
psicologia,8
inasistencia,7
permanencia,7
detalles,7
pregunta,7
preasignacion,7
empleabilidad,7
carrera,7
economia,7
mat,6
ae,6
e,6
su,6
realizar,6
uc,6
atención,6
consultas,6
justificativo,6
perfil,6
arquitectura,6
gratuidad,6
t,5
solicito,5
información,5
ránking,5
título,5
opción,5
problemas,5
profesor,5
convenios,5
evaluación,5
revisión,5
ya,5
estudiantiles,5
caso,5
apoyos,5
ranking,5
asuntos,5
convalidaciones,4
farmacia,4
curricular,4
diseño,4
rrii,4
química,4
avance,4
pre,4
poder,4
area,4
servicio,4
justificacion,4
vocacionales,4
obtener,4
inglés,4
son,4
lo,4
reprueba,4
cuales,4
pregunto,4
saber,4
puedo,4
ciencia,4
dase,4
aspirante,4
mallas,4
paes,4
proceso,3
créditos,3
tope,3
recomendé,3
ingles,3
económicas,3
requisito,3
bioquímica,3
andrés,3
conr,3
san,3
especto,3
social,3
ciencias,3
ppc,3
algún,3
interés,3
asignatura,3
postular,3
beca,3
justificación,3
más,3
diferencia,3
cuándo,3
ingresar,3
convalidación,3
quimica,3
comunicaciones,3
preasignación,3
sus,3
fecha,3
repruebo,3
convalidar,3
enfermería,3
acceder,3
está,3
socioeconómicos,3
tengo,3
laboral,3
reprueban,3
computación,3
ayuda,3
general,3
solicitar,3
interes,3
tener,3
segunda,3
tiene,3
talleres,2
asistencia,2
pace,2
cosas,2
año,2
raras,2
politica,2
universidades,2
faciles,2
mitos,2
temas,2
materia,2
fondos,2
toda,2
concursables,2
adecuaciones,2
recuperar,2
plan,2
informacion,2
atraso,2
dible,2
socioeconómico,2
estudiar,2
combinar,2
yo,2
adjudicarse,2
estudiantes,2
retomar,2
horario,2
campo,2
minors,2
sociología,2
quería,2
mismo,2
licenciatura,2
hacerlo,2
me,2
funcionamiento,2
atenciones,2
psicológicas,2
escritura,2
preferencia,2
vocación,2
relaciones,2
internacionales,2
dos,2
tiempo,2
comparación,2
biológica,2
dentro,2
els,2
egundo,2
sociologia,2
situación,2
servicios,2
com,2
directo,2
cumplimiento,2
escuela,2
naturales,2
sabe,2
ccss,2
biologica,2
academica,2
p,2
quedó,2
alguna,2
ii,2
qiimica,2
cita,2
fuas,2
ccnnymat,2
justificativos,2
pfp,2
disponible,2
ser,2
reprobacion,2
ansiedad,2
admisión,2
escrita,2
comunicación,2
examen,2
necesito,2
taller,2
asignando,2
van,2
quién,2
matrimonio,2
mi,2
precálculo,2
otras,2
eae,2
tav,2
titulación,2
actualmente,2
universidad,2
biomédica,2
vocacional,2
letras,2
profesional,2
antes,2
articulación,2
publicidad,2
prueba,2
ejemplo,1
reunión,1
universitaria,1
computacion,1
diploma,1
interna,1
reqiuisito,1
bioc,1
actuacion,1
renovar,1
dificultades,1
majr,1
estadística,1
mecanica,1
rechazan,1
ayudante,1
apelación,1
m,1
operativa,1
investigacion,1
mineria,1
orden,1
intranet,1
tambien,1
cumplir,1
academicas,1
informavión,1
límite,1
informar,1
supernumerario,1
adjuducarse,1
registro,1
rpe,1
emergencia,1
deriva,1
correspondiente,1
coordina,1
consisten,1
seguro,1
hogares,1
encontrar,1
realiza,1
puntaje,1
ajor,1
da,1
ramos,1
disciplinarios,1
votar,1
sobvre,1
supernumeraria,1
directamente,1
ayudantías,1
robotica,1
deben,1
tutoría,1
corte,1
actuación,1
programación,1
promedio,1
derivamos,1
medio,1
amplitud,1
vinculo,1
doy,1
optativos,1
página,1
comentarios,1
oriento,1
minimos,1
trabajo,1
luego,1
renunciar,1
consultp,1
reintergro,1
marina,1
biología,1
conocer,1
mjaor,1
ambiental,1
todos,1
ingeneiría,1
responden,1
todavía,1
psicólogo,1
programacion,1
hostigamiento,1
clinica,1
inapropiados,1
intervencion,1
hablar,1
requiere,1
reprobar,1
ingreso,1
atencional,1
déficit,1
pos,1
med,1
diagnóstico,1
adecuación,1
buscar,1
atrasa,1
toma,1
bioltecnologia,1
elos,1
sobr,1
desanimado,1
estar,1
personales,1
expresa,1
conversar,1
tema,1
odontolo,1
ver,1
disciplinas,1
biomedica,1
geociencias,1
consutlo,1
realmente,1
tirulo,1
ella,1
explorar,1
importancia,1
licenciaturatítulo,1
diferentes,1
coordinación,1
ingeniero,1
psicólogos,1
rechazada,1
postuló,1
personal,1
profesionalmagíster,1
tda,1
dav,1
repruebe,1
suspender,1
medica,1
controles,1
ausencia,1
combinadas,1
comentario,1
recorrección,1
antropologia,1
suspencion,1
biologia,1
pagina,1
posibilidades,1
museología,1
muestran,1
beneficio,1
convalidado,1
han,1
habría,1
patrimonio,1
atencion,1
intercanbio,1
residencia,1
complementarios,1
enfermo,1
abuelo,1
rechazó,1
historia,1
considera,1
clase,1
inglesas,1
justsificar,1
misma,1
examenes,1
viña,1
futuro,1
esta,1
vivir,1
rechaza,1
nivelacion,1
hispanicas,1
despues,1
ángeles,1
justisficar,1
apollos,1
vive,1
importante,1
vigente,1
rancagua,1
admision,1
problema,1
c,1
qu,1
reprobación,1
estuve,1
soliicitó,1
fechas,1
iniciación,1
económicos,1
especial,1
rechazaron,1
dicta,1
esa,1
impacto,1
curos,1
posicionan,1
complementar,1
ventoman,1
ára,1
aprobar,1
salir,1
industrail,1
minas,1
biomédicamedicina,1
áreasopciones,1
disponibles,1
otra,1
convalidados,1
cponsulta,1
nuevamente,1
exploracion,1
generación,1
delegada,1
postularme,1
tomó,1
revisamos,1
uno,1
consutó,1
vocacion,1
pagos,1
realizo,1
asignarse,1
recupero,1
ocurre,1
llega,1
política,1
arqueología,1
enfermedades,1
podría,1
aun,1
claro,1
cursar,1
asigna,1
deportivo,1
inscribe,1
tenía,1
varios,1
notas,1
destacado,1
deportista,1
junaeb,1
libre,1
afg,1
centro,1
partipar,1
bioquimica,1
interno,1
obtuve,1
paralela,1
quizás,1
aprobados,1
grado,1
imtercambio,1
preaisgnación,1
socioeconomica,1
voy,1
datos,1
inegniería,1
escenarios,1
catastróficos,1
proceder,1
cosulta,1
hago,1
entregar,1
logrado,1
pagare,1
explica,1
debates,1
espacios,1
areas,1
esos,1
turorías,1
pedir,1
caras,1
derivó,1
intro,1
complicado,1
flexibilidad,1
electrica,1
articulacionmalla,1
asociados,1
intereses,1
cae,1
ccnn,1
filosofía,1
articulacion,1
académicas,1
necestará,1
relación,1
emoresas,1
ek,1
sistema,1
creeativa,1
antropología,1
acerca,1
odontologia,1
aspirando,1
alertas,1
también,1
aprobada,1
der,1
peridismo,1
familiar,1
fallecimiento,1
psicológicos,1
cr,1
optyar,1
araya,1
ignacio,1
interesada,1
ir,1
avanzando,1
inscribir,1
itnerés,1
asignació,1
majo,1
periodismo,1
itulación,1
articulan,1
inscripcion,1
orientó,1
urbana,1
planificación,1
interesado,1
ve,1
pruebas,1
test,1
sol,1
sumar,1
debería,1
aparece,1
let,1
stará,1
cuandoe,1
atiende,1
así,1
ts,1
seccion,1
disciplina,1
especifico,1
nada,1
dia,1
rendir,1
po,1
science,1
convenio,1
alemanas,1
preguntas,1
iniciacion,1
pppp,1
biotecnología,1
arqueologia,1
académico,1
ue,1
q,1
sobe,1
consuklta,1
pasantías,1
banner,1
cambiarme,1
matemáticas,1
siendo,1
apoyo,1
participacion,1
sustentabilidad,1
mal,1
muy,1
yendo,1
eligió,1
sabía,1
recursos,1
bea,1
particular,1
brujula,1
actividad,1
coordinacion,1
derivacion,1
curricluar,1
verano,1
temporada,1
cuenta,1
área,1
biologicas,1
externo,1
voluntariado,1
habla,1
